{
  "market": {
    "p75": 50.36090225563909,
    "p90": 92.80880600319966,
    "p95": 137.53132832080195,
    "median": -11.627906976744185,
    "mad": 28.10811557758422
  },
  "historical": {
    "p75": 72.92017629381077,
    "p90": 145.50488758567502,
    "p95": 265.83747927031504,
    "median": 18.684703267896523,
    "mad": 33.07887221672458
  }
}